[
    {
        "company": "CV. SARANA CIPTA MEDIA",
		"logo":"images/sarana-logo.png",
        "position": "Process Engineering (Rekayasa Proses)",
        "year": "August 2024 - December 2024",
        "description": "CV. Sarana Cipta Media is a company engaged in the procurement and production of electronic equipment and educational training tools, particularly for vocational high schools (SMK). Founded in 1997 as a small electronics workshop in Semarang, the business officially became a registered company in 2000. With over two decades of experience, CV. Sarana Cipta Media has served various government institutions, private sectors, and educational organizations across Indonesia. Under the leadership of Mr. Yohanes Bagus Priyadmadi, M.Si., the company continues to grow through innovation and a strong commitment to advancing educational technology and technical services."
    },

     {
        "company": "Insani Group",
		"logo":"images/insani-group.jpg",
        "position": "Private Math tutor",
        "year": "August 2022 - February 2023",
        "description": "Insani Group is a service-based company specializing in statistical data analysis and education for both academic and professional needs. We provide statistical analysis for theses, dissertations, and research projects, including descriptive, inferential, SEM, CFA, and multivariate analysis. We also offer private or group statistical tutoring, develop learning modules, and assist in writing academic articles and research guidance. Our commitment lies in professionalism, timeliness, and delivering guaranteed quality services."
    }
]