{
    "name": "Ahmat Japar Sodiq - Electronic Engineering Students",
    "description": "I am an Electronic Engineering student at Politeknik Negeri Semarang, currently exploring the industrial field, particularly in electronics. With a strong interest in technology and engineering, I continue to develop my understanding of electronic systems, programming, and technical applications through hands-on learning. I enjoy the process of learning, solving technical problems, and collaborating in team projects. My goal is to become a competent engineer who can make meaningful contributions to technological development in the industrial sector.",
    "profileImage": "images/profileku.jpg",
    "email": "ahmatjaparsodiq@gmail.com",
    "phone": "+62 (815) 483-54847",
    "socialMedia": [
        {
            "platform": "GitHub",
            "url": "https://github.com/profilejafar"
        },
      
        {
            "platform": "Instagram",
            "url": "https://instagram.com/jafarken"
        }
    ],
    "cv": {
			"text": "Download CV",
			"file": "docs/cv.pdf",
			"icon": "fas fa-file-pdf"
	},
    "skills": [
        {"name": "Electrical Engineering", "icon": "fas fa-bolt"},
        {"name": "Programming Microcontroller", "icon": "fas fa-microchip"},
        {"name": "Math Analytic", "icon": "fas fa-chart-line"}
    ]
}
